{
    "TimestampEpoch": 1697462853165,
    "StationLat": 51.067289202735,
    "StationLon": 13.7673459652933,
    "SoftwareVersion": "1.9.6.8317",
    "DetectorModel": "LD-250",
    "AntennaAlignment": 0,
    "StrikeCount": 742548,
    "StormCount": 0,
    "StrikeData": [],
   